"ID","job","relation"
1,"エンジニア","依頼を受けてデータの抽出・加工, BIツールでダッシュボード作成, データウェアハウスやデータマートの設計, データウェアハウスやデータマートの作成"
2,"コンサルタント","依頼を受けてデータの抽出・加工, BIツールでダッシュボード作成, 社内のデータ管理, 分析やレポーティング、意思決定者への助言, データを利用した意思決定や判断"
3,"なし","依頼を受けてデータの抽出・加工, BIツールでダッシュボード作成, データウェアハウスやデータマートの設計, データウェアハウスやデータマートの作成, 社内のデータ管理, 分析やレポーティング、意思決定者への助言"
4,"財務","データを利用した意思決定や判断"
5,"リレーション&分析","依頼を受けてデータの抽出・加工, BIツールでダッシュボード作成, 分析やレポーティング、意思決定者への助言"
6,"UXデザイン室","依頼を受けてデータの抽出・加工, BIツールでダッシュボード作成, 分析やレポーティング、意思決定者への助言"
7,"ICTコンサルタント","データウェアハウスやデータマートの設計, 社内のデータ管理, 分析やレポーティング、意思決定者への助言, データを利用した意思決定や判断"
8,"データアナリスト","依頼を受けてデータの抽出・加工, BIツールでダッシュボード作成, データウェアハウスやデータマートの設計, データウェアハウスやデータマートの作成, 社内のデータ管理, 分析やレポーティング、意思決定者への助言, データを利用した意思決定や判断"
9,"企画","分析やレポーティング、意思決定者への助言"
10,"企画","BIツールでダッシュボード作成, データウェアハウスやデータマートの設計, データウェアハウスやデータマートの作成, 分析やレポーティング、意思決定者への助言, データを利用した意思決定や判断"
11,"データエンジニア","データウェアハウスやデータマートの設計, データウェアハウスやデータマートの作成, 社内のデータ管理"
12,"ITマネージャー","分析やレポーティング、意思決定者への助言, データを利用した意思決定や判断"
13,"エンジニア","依頼を受けてデータの抽出・加工"
14,"CRM","依頼を受けてデータの抽出・加工, BIツールでダッシュボード作成, データウェアハウスやデータマートの設計, 社内のデータ管理"
15,"エンジニア","依頼を受けてデータの抽出・加工, BIツールでダッシュボード作成, データウェアハウスやデータマートの設計, データウェアハウスやデータマートの作成, 社内のデータ管理"
16,"バックエンドエンジニア","依頼を受けてデータの抽出・加工"
17,"ソフト開発職","BIツールでダッシュボード作成"
18,"システムエンジニア","依頼を受けてデータの抽出・加工, データウェアハウスやデータマートの設計, データウェアハウスやデータマートの作成"
19,"ソフトウェア開発","依頼を受けてデータの抽出・加工, BIツールでダッシュボード作成, データウェアハウスやデータマートの設計, データウェアハウスやデータマートの作成, 分析やレポーティング、意思決定者への助言"
20,"データプランナー","依頼を受けてデータの抽出・加工, 社内のデータ管理, 分析やレポーティング、意思決定者への助言, データを利用した意思決定や判断"
21,"エンジニア","依頼を受けてデータの抽出・加工, BIツールでダッシュボード作成, データウェアハウスやデータマートの設計, データウェアハウスやデータマートの作成, 社内のデータ管理, 分析やレポーティング、意思決定者への助言, データを利用した意思決定や判断"
22,"データまわりもろもろ","依頼を受けてデータの抽出・加工, BIツールでダッシュボード作成, データウェアハウスやデータマートの設計, データウェアハウスやデータマートの作成, 社内のデータ管理, 分析やレポーティング、意思決定者への助言, データを利用した意思決定や判断"
23,"エキスパート（データアナリティクス）","依頼を受けてデータの抽出・加工, BIツールでダッシュボード作成, 社内のデータ管理, 分析やレポーティング、意思決定者への助言"
24,"データエンジニア","依頼を受けてデータの抽出・加工, BIツールでダッシュボード作成, データウェアハウスやデータマートの設計, データウェアハウスやデータマートの作成"
25,"エンジニア","依頼を受けてデータの抽出・加工, BIツールでダッシュボード作成, データウェアハウスやデータマートの設計, データウェアハウスやデータマートの作成, 社内のデータ管理, 分析やレポーティング、意思決定者への助言, データを利用した意思決定や判断"
26,"データ整備人","依頼を受けてデータの抽出・加工, BIツールでダッシュボード作成, データウェアハウスやデータマートの設計, データウェアハウスやデータマートの作成, 社内のデータ管理, 分析やレポーティング、意思決定者への助言, データを利用した意思決定や判断"
27,"データサイエンティスト","依頼を受けてデータの抽出・加工"
28,"データサイエンティスト","依頼を受けてデータの抽出・加工, BIツールでダッシュボード作成, データウェアハウスやデータマートの設計, データウェアハウスやデータマートの作成, 社内のデータ管理, 分析やレポーティング、意思決定者への助言, データを利用した意思決定や判断"
29,"システムマネージャー","依頼を受けてデータの抽出・加工, BIツールでダッシュボード作成, データウェアハウスやデータマートの設計, データウェアハウスやデータマートの作成, データを利用した意思決定や判断"
30,"Director","依頼を受けてデータの抽出・加工, BIツールでダッシュボード作成, データウェアハウスやデータマートの設計, データウェアハウスやデータマートの作成, 社内のデータ管理, 分析やレポーティング、意思決定者への助言, データを利用した意思決定や判断"
31,"コンサルタント","依頼を受けてデータの抽出・加工, BIツールでダッシュボード作成, データウェアハウスやデータマートの設計, データウェアハウスやデータマートの作成, 社内のデータ管理, 分析やレポーティング、意思決定者への助言"
32,"データ運用","依頼を受けてデータの抽出・加工, 社内のデータ管理, 分析やレポーティング、意思決定者への助言"
33,"データサイエンティスト","依頼を受けてデータの抽出・加工, 分析やレポーティング、意思決定者への助言"
34,"アナリスト","依頼を受けてデータの抽出・加工, 分析やレポーティング、意思決定者への助言"
35,"データ基盤","依頼を受けてデータの抽出・加工, BIツールでダッシュボード作成, データウェアハウスやデータマートの設計, データウェアハウスやデータマートの作成, 社内のデータ管理, 分析やレポーティング、意思決定者への助言"
36,"システム監査","データを利用した意思決定や判断"
37,"データアナリスト","依頼を受けてデータの抽出・加工, BIツールでダッシュボード作成, データウェアハウスやデータマートの設計, データウェアハウスやデータマートの作成, 社内のデータ管理, 分析やレポーティング、意思決定者への助言"
38,"データ分析","依頼を受けてデータの抽出・加工, BIツールでダッシュボード作成, 社内のデータ管理, 分析やレポーティング、意思決定者への助言"
39,"社内SE","社内のデータ管理"
40,"アナリスト","依頼を受けてデータの抽出・加工, BIツールでダッシュボード作成, データウェアハウスやデータマートの設計, 社内のデータ管理, 分析やレポーティング、意思決定者への助言, データを利用した意思決定や判断"
41,"データエンジニア","依頼を受けてデータの抽出・加工, BIツールでダッシュボード作成, データウェアハウスやデータマートの設計, データウェアハウスやデータマートの作成, 分析やレポーティング、意思決定者への助言"
42,"ネットワークエンジニア","社内のデータ管理"
43,"データエンジニア","依頼を受けてデータの抽出・加工, データウェアハウスやデータマートの設計, データウェアハウスやデータマートの作成"
44,"システムエンジニア","データウェアハウスやデータマートの設計"
45,"データアナリスト","依頼を受けてデータの抽出・加工, データウェアハウスやデータマートの設計, 分析やレポーティング、意思決定者への助言"
46,"データサイエンティスト","依頼を受けてデータの抽出・加工, 社内のデータ管理, 分析やレポーティング、意思決定者への助言, データを利用した意思決定や判断"
47,"ICTセカンドオピニオン","依頼を受けてデータの抽出・加工, BIツールでダッシュボード作成, 分析やレポーティング、意思決定者への助言"
48,"IT企画","依頼を受けてデータの抽出・加工, BIツールでダッシュボード作成, 分析やレポーティング、意思決定者への助言, データを利用した意思決定や判断"
49,"機械学習エンジニア","依頼を受けてデータの抽出・加工, 分析やレポーティング、意思決定者への助言"
50,"データサイエンティスト","依頼を受けてデータの抽出・加工, BIツールでダッシュボード作成, データウェアハウスやデータマートの設計, データウェアハウスやデータマートの作成, 社内のデータ管理, 分析やレポーティング、意思決定者への助言, データを利用した意思決定や判断"
51,"データエンジニア","依頼を受けてデータの抽出・加工, データウェアハウスやデータマートの設計, データウェアハウスやデータマートの作成"
52,"pm","依頼を受けてデータの抽出・加工, BIツールでダッシュボード作成, データウェアハウスやデータマートの設計"
53,"個人事業主","依頼を受けてデータの抽出・加工, BIツールでダッシュボード作成, 社内のデータ管理, 分析やレポーティング、意思決定者への助言"
54,"コンサルタント","依頼を受けてデータの抽出・加工, BIツールでダッシュボード作成, 分析やレポーティング、意思決定者への助言"
55,"コンシューマシステム事業部","BIツールでダッシュボード作成, 分析やレポーティング、意思決定者への助言, データを利用した意思決定や判断"
56,"プロセスマイニングコンサルタント/データサイエンティスト","依頼を受けてデータの抽出・加工, BIツールでダッシュボード作成, 分析やレポーティング、意思決定者への助言"
57,"Senior manager","データを利用した意思決定や判断"
58,"プロダクトマネージャー","依頼を受けてデータの抽出・加工, 社内のデータ管理, 分析やレポーティング、意思決定者への助言, データを利用した意思決定や判断"
59,"データエンジニア","依頼を受けてデータの抽出・加工, BIツールでダッシュボード作成, データウェアハウスやデータマートの設計, データウェアハウスやデータマートの作成, 分析やレポーティング、意思決定者への助言"
60,"商社の物流・在庫のデータ抽出、加工から分析andロジット回帰や数理最適化迄","依頼を受けてデータの抽出・加工, データウェアハウスやデータマートの設計, データウェアハウスやデータマートの作成, 社内のデータ管理, 分析やレポーティング、意思決定者への助言"
61,"デジタル","BIツールでダッシュボード作成, 社内のデータ管理, 分析やレポーティング、意思決定者への助言"
62,"部長","依頼を受けてデータの抽出・加工, 社内のデータ管理"
63,"ソフトウェアエンジニア","依頼を受けてデータの抽出・加工"
64,"データアナリスト","依頼を受けてデータの抽出・加工, BIツールでダッシュボード作成, データウェアハウスやデータマートの設計, 社内のデータ管理, 分析やレポーティング、意思決定者への助言"
65,"アナリスト","依頼を受けてデータの抽出・加工, BIツールでダッシュボード作成, データウェアハウスやデータマートの設計, データウェアハウスやデータマートの作成, 社内のデータ管理, 分析やレポーティング、意思決定者への助言"
66,"データアナリスト","依頼を受けてデータの抽出・加工, データウェアハウスやデータマートの作成, 分析やレポーティング、意思決定者への助言"
67,"マーケティング コンサルタント","依頼を受けてデータの抽出・加工, BIツールでダッシュボード作成, データウェアハウスやデータマートの設計, データウェアハウスやデータマートの作成, 社内のデータ管理, 分析やレポーティング、意思決定者への助言, データを利用した意思決定や判断"
68,"マーケティング","依頼を受けてデータの抽出・加工, BIツールでダッシュボード作成, 分析やレポーティング、意思決定者への助言"
69,"データアーキテクト","依頼を受けてデータの抽出・加工, BIツールでダッシュボード作成, データウェアハウスやデータマートの設計, データウェアハウスやデータマートの作成, 社内のデータ管理"
70,"エンジニア","データウェアハウスやデータマートの作成, 分析やレポーティング、意思決定者への助言"
71,"営業","データウェアハウスやデータマートの設計, データウェアハウスやデータマートの作成"
72,"セールス","依頼を受けてデータの抽出・加工, 社内のデータ管理"
73,"コンサルタント","依頼を受けてデータの抽出・加工, 社内のデータ管理, データを利用した意思決定や判断"
74,"バックエンドエンジニア","BIツールでダッシュボード作成, データウェアハウスやデータマートの設計"
75,"データエンジニア","依頼を受けてデータの抽出・加工, BIツールでダッシュボード作成, データウェアハウスやデータマートの設計, データウェアハウスやデータマートの作成"
76,"エンジニア","依頼を受けてデータの抽出・加工, BIツールでダッシュボード作成, データウェアハウスやデータマートの設計, データウェアハウスやデータマートの作成, 社内のデータ管理"
77,"データエンジニア","依頼を受けてデータの抽出・加工, BIツールでダッシュボード作成, データウェアハウスやデータマートの設計, データウェアハウスやデータマートの作成, 社内のデータ管理"
78,"アナリスト","依頼を受けてデータの抽出・加工, BIツールでダッシュボード作成, データウェアハウスやデータマートの設計, データウェアハウスやデータマートの作成, 分析やレポーティング、意思決定者への助言, データを利用した意思決定や判断"
79,"se","依頼を受けてデータの抽出・加工, データウェアハウスやデータマートの設計, データウェアハウスやデータマートの作成, 分析やレポーティング、意思決定者への助言"
80,"エンジニア","依頼を受けてデータの抽出・加工, BIツールでダッシュボード作成, 分析やレポーティング、意思決定者への助言"
81,"テクニカルセールス","依頼を受けてデータの抽出・加工, BIツールでダッシュボード作成, データウェアハウスやデータマートの設計, データウェアハウスやデータマートの作成, 社内のデータ管理, 分析やレポーティング、意思決定者への助言, データを利用した意思決定や判断"
82,"営業","依頼を受けてデータの抽出・加工"
83,"IT","データウェアハウスやデータマートの設計, 社内のデータ管理"
84,"SRE","データウェアハウスやデータマートの設計, データウェアハウスやデータマートの作成, 社内のデータ管理"
85,"データエンジニア","データウェアハウスやデータマートの設計, データウェアハウスやデータマートの作成, 分析やレポーティング、意思決定者への助言"
86,"代表","データウェアハウスやデータマートの設計, データウェアハウスやデータマートの作成"
87,"データアナリスト","分析やレポーティング、意思決定者への助言"
88,"システムエンジニア","BIツールでダッシュボード作成"
89,"研究生","依頼を受けてデータの抽出・加工"
90,"データ管理・分析、システム開発","依頼を受けてデータの抽出・加工, BIツールでダッシュボード作成, データウェアハウスやデータマートの設計, データウェアハウスやデータマートの作成, 社内のデータ管理, 分析やレポーティング、意思決定者への助言"
91,"開発者","データウェアハウスやデータマートの設計"
92,"プロジェクトマネージャ","データウェアハウスやデータマートの設計"
93,"Analytics Lead","依頼を受けてデータの抽出・加工, BIツールでダッシュボード作成, 社内のデータ管理, データを利用した意思決定や判断"
94,"エンジニア","BIツールでダッシュボード作成, データウェアハウスやデータマートの作成"
95,"データエンジニア","依頼を受けてデータの抽出・加工, BIツールでダッシュボード作成, データウェアハウスやデータマートの設計, データウェアハウスやデータマートの作成, 社内のデータ管理, 分析やレポーティング、意思決定者への助言, データを利用した意思決定や判断"
96,"バックエンドエンジニア","依頼を受けてデータの抽出・加工, データウェアハウスやデータマートの設計, データウェアハウスやデータマートの作成"
97,"データエンジニア","依頼を受けてデータの抽出・加工, BIツールでダッシュボード作成, データウェアハウスやデータマートの設計, データウェアハウスやデータマートの作成"
98,"データアナリスト","依頼を受けてデータの抽出・加工, BIツールでダッシュボード作成"
99,"技術営業","分析やレポーティング、意思決定者への助言"
100,"データエンジニア","依頼を受けてデータの抽出・加工, BIツールでダッシュボード作成, データウェアハウスやデータマートの設計, データウェアハウスやデータマートの作成, 分析やレポーティング、意思決定者への助言"
101,"販売企画","依頼を受けてデータの抽出・加工, BIツールでダッシュボード作成, データウェアハウスやデータマートの設計, データウェアハウスやデータマートの作成, 分析やレポーティング、意思決定者への助言"
102,"データエンジニア","依頼を受けてデータの抽出・加工"
103,"データサイエンティスト","データウェアハウスやデータマートの設計, データウェアハウスやデータマートの作成, 社内のデータ管理"
104,"WS本部システム2部","依頼を受けてデータの抽出・加工"
105,"ソフトウェアエンジニア","依頼を受けてデータの抽出・加工, BIツールでダッシュボード作成, 社内のデータ管理, 分析やレポーティング、意思決定者への助言"
106,"プロジェクトマネージャー","依頼を受けてデータの抽出・加工, 分析やレポーティング、意思決定者への助言, データを利用した意思決定や判断"
107,"Senior analyst","分析やレポーティング、意思決定者への助言, データを利用した意思決定や判断"
108,"ビジネス開発","データウェアハウスやデータマートの設計, データウェアハウスやデータマートの作成, 社内のデータ管理"
109,"代表","データを利用した意思決定や判断"
110,"データアナリスト","依頼を受けてデータの抽出・加工, BIツールでダッシュボード作成, 社内のデータ管理, 分析やレポーティング、意思決定者への助言"
111,"データサイエンティスト","依頼を受けてデータの抽出・加工, BIツールでダッシュボード作成, 分析やレポーティング、意思決定者への助言, データを利用した意思決定や判断"
112,"DX","データを利用した意思決定や判断"
113,"データエンジニア","依頼を受けてデータの抽出・加工, BIツールでダッシュボード作成, データウェアハウスやデータマートの設計, データウェアハウスやデータマートの作成, 社内のデータ管理, 分析やレポーティング、意思決定者への助言"
114,"エンジニア","依頼を受けてデータの抽出・加工, BIツールでダッシュボード作成, データウェアハウスやデータマートの設計, データウェアハウスやデータマートの作成"
115,"データサイエンティスト","依頼を受けてデータの抽出・加工, BIツールでダッシュボード作成, データウェアハウスやデータマートの設計, データウェアハウスやデータマートの作成, 社内のデータ管理, 分析やレポーティング、意思決定者への助言"
116,"データアナリスト","依頼を受けてデータの抽出・加工, BIツールでダッシュボード作成, データウェアハウスやデータマートの設計, データウェアハウスやデータマートの作成"
117,"アーキテクト","分析やレポーティング、意思決定者への助言"
118,"データエンジニア","依頼を受けてデータの抽出・加工"
119,"エンジニア","データウェアハウスやデータマートの設計, 社内のデータ管理"
120,"Web エンジニア","依頼を受けてデータの抽出・加工, BIツールでダッシュボード作成, データウェアハウスやデータマートの設計, データウェアハウスやデータマートの作成, 社内のデータ管理, 分析やレポーティング、意思決定者への助言"
121,"システムエンジニア","依頼を受けてデータの抽出・加工"
122,"データサイエンティスト","データウェアハウスやデータマートの設計, データウェアハウスやデータマートの作成, 分析やレポーティング、意思決定者への助言"
123,"データエンジニア","依頼を受けてデータの抽出・加工, データウェアハウスやデータマートの設計, データウェアハウスやデータマートの作成, 社内のデータ管理"
124,"SE","依頼を受けてデータの抽出・加工, BIツールでダッシュボード作成"
125,"Customer Ops","依頼を受けてデータの抽出・加工, BIツールでダッシュボード作成, 社内のデータ管理, 分析やレポーティング、意思決定者への助言"
126,"Senior Staff","依頼を受けてデータの抽出・加工, BIツールでダッシュボード作成, データウェアハウスやデータマートの設計, データウェアハウスやデータマートの作成, 分析やレポーティング、意思決定者への助言, データを利用した意思決定や判断"
127,"ソフトウェア・エンジニア","データウェアハウスやデータマートの作成"
128,"システム開発","データウェアハウスやデータマートの設計, データウェアハウスやデータマートの作成"
129,"CS","社内のデータ管理, 分析やレポーティング、意思決定者への助言, データを利用した意思決定や判断"
130,"エンジニア","依頼を受けてデータの抽出・加工, BIツールでダッシュボード作成, データウェアハウスやデータマートの設計, データウェアハウスやデータマートの作成, 社内のデータ管理"
131,"データアーキテクト","依頼を受けてデータの抽出・加工, BIツールでダッシュボード作成, データウェアハウスやデータマートの設計, データウェアハウスやデータマートの作成"
132,"IT Architect","データウェアハウスやデータマートの設計, 分析やレポーティング、意思決定者への助言, データを利用した意思決定や判断"
133,"ＳＥ","依頼を受けてデータの抽出・加工, BIツールでダッシュボード作成, データウェアハウスやデータマートの設計, データウェアハウスやデータマートの作成"
134,"データアナリスト","依頼を受けてデータの抽出・加工, BIツールでダッシュボード作成, 社内のデータ管理, 分析やレポーティング、意思決定者への助言, データを利用した意思決定や判断"
135,"ソフトウェアエンジニア","依頼を受けてデータの抽出・加工, データウェアハウスやデータマートの設計, データウェアハウスやデータマートの作成, 社内のデータ管理"
136,"データサイエンティスト","依頼を受けてデータの抽出・加工, データウェアハウスやデータマートの設計, データウェアハウスやデータマートの作成, 分析やレポーティング、意思決定者への助言"
137,"代表","データを利用した意思決定や判断"
138,"データサイエンティスト","依頼を受けてデータの抽出・加工, BIツールでダッシュボード作成, 分析やレポーティング、意思決定者への助言"
139,"コンサルタント","依頼を受けてデータの抽出・加工, BIツールでダッシュボード作成, データウェアハウスやデータマートの設計, データウェアハウスやデータマートの作成"
140,"システムエンジニア","依頼を受けてデータの抽出・加工, データウェアハウスやデータマートの設計, データウェアハウスやデータマートの作成"
141,"データサイエンティスト","BIツールでダッシュボード作成, 分析やレポーティング、意思決定者への助言, データを利用した意思決定や判断"
142,"エンジニア","依頼を受けてデータの抽出・加工, データウェアハウスやデータマートの設計"
143,"ウェブアナリスト","分析やレポーティング、意思決定者への助言"
144,"サービス企画","社内のデータ管理, 分析やレポーティング、意思決定者への助言"
145,"データエンジニア","依頼を受けてデータの抽出・加工"
146,"データアナリスト","依頼を受けてデータの抽出・加工, BIツールでダッシュボード作成, 分析やレポーティング、意思決定者への助言"
147,"データアナリスト","依頼を受けてデータの抽出・加工, BIツールでダッシュボード作成, データウェアハウスやデータマートの作成, 社内のデータ管理, 分析やレポーティング、意思決定者への助言, データを利用した意思決定や判断"
148,"データエンジニア","依頼を受けてデータの抽出・加工, データウェアハウスやデータマートの設計, データウェアハウスやデータマートの作成, 社内のデータ管理"
149,"データエンジニア","依頼を受けてデータの抽出・加工, BIツールでダッシュボード作成, データウェアハウスやデータマートの設計, データウェアハウスやデータマートの作成, 社内のデータ管理"
150,"特別研究員","依頼を受けてデータの抽出・加工, BIツールでダッシュボード作成, データウェアハウスやデータマートの設計, データウェアハウスやデータマートの作成, 社内のデータ管理, 分析やレポーティング、意思決定者への助言"
151,"取締役","データウェアハウスやデータマートの設計, 社内のデータ管理, 分析やレポーティング、意思決定者への助言, データを利用した意思決定や判断"
152,"保険","依頼を受けてデータの抽出・加工, BIツールでダッシュボード作成, データウェアハウスやデータマートの設計, データウェアハウスやデータマートの作成, 社内のデータ管理, 分析やレポーティング、意思決定者への助言, データを利用した意思決定や判断"
153,"小売業","依頼を受けてデータの抽出・加工, BIツールでダッシュボード作成, 社内のデータ管理, 分析やレポーティング、意思決定者への助言, データを利用した意思決定や判断"
154,"データサイエンティスト","依頼を受けてデータの抽出・加工, 社内のデータ管理, 分析やレポーティング、意思決定者への助言"
155,"代表","依頼を受けてデータの抽出・加工, BIツールでダッシュボード作成, データウェアハウスやデータマートの設計, 社内のデータ管理, 分析やレポーティング、意思決定者への助言, データを利用した意思決定や判断"
156,"農民","BIツールでダッシュボード作成, 社内のデータ管理"
157,"アナリスト","依頼を受けてデータの抽出・加工, BIツールでダッシュボード作成, 社内のデータ管理, 分析やレポーティング、意思決定者への助言, データを利用した意思決定や判断"
158,"Data Scientist","依頼を受けてデータの抽出・加工, BIツールでダッシュボード作成, データウェアハウスやデータマートの設計, データウェアハウスやデータマートの作成, 社内のデータ管理, 分析やレポーティング、意思決定者への助言, データを利用した意思決定や判断"
159,"データアーキテクト","依頼を受けてデータの抽出・加工, BIツールでダッシュボード作成, データウェアハウスやデータマートの設計, 社内のデータ管理, 分析やレポーティング、意思決定者への助言"
160,"Webディレクター","依頼を受けてデータの抽出・加工, 分析やレポーティング、意思決定者への助言"
161,"アナリスト","依頼を受けてデータの抽出・加工"
162,"データアナリスト","依頼を受けてデータの抽出・加工, BIツールでダッシュボード作成, データウェアハウスやデータマートの設計, データウェアハウスやデータマートの作成, 分析やレポーティング、意思決定者への助言"
163,"データアナリスト","依頼を受けてデータの抽出・加工, BIツールでダッシュボード作成, データウェアハウスやデータマートの設計, 社内のデータ管理, 分析やレポーティング、意思決定者への助言"
164,"セールスエンジニア","依頼を受けてデータの抽出・加工, BIツールでダッシュボード作成, 分析やレポーティング、意思決定者への助言"
165,"ITコンサルタント","依頼を受けてデータの抽出・加工, BIツールでダッシュボード作成, データウェアハウスやデータマートの設計, データウェアハウスやデータマートの作成"
166,"エンジニア","依頼を受けてデータの抽出・加工, 社内のデータ管理, 分析やレポーティング、意思決定者への助言"
167,"代表取締役","分析やレポーティング、意思決定者への助言"
168,"ソフトウェア開発（プロジェクト推進、品質管理）","社内のデータ管理, 分析やレポーティング、意思決定者への助言"
169,"？","依頼を受けてデータの抽出・加工, BIツールでダッシュボード作成, 社内のデータ管理, 分析やレポーティング、意思決定者への助言"
170,"システムエンジニア","依頼を受けてデータの抽出・加工, データウェアハウスやデータマートの設計"
171,"サービス開発","依頼を受けてデータの抽出・加工, BIツールでダッシュボード作成, データウェアハウスやデータマートの設計, データウェアハウスやデータマートの作成, 分析やレポーティング、意思決定者への助言, データを利用した意思決定や判断"
172,"データエンジニア","依頼を受けてデータの抽出・加工, データウェアハウスやデータマートの設計, データウェアハウスやデータマートの作成, 社内のデータ管理, 分析やレポーティング、意思決定者への助言"
173,"データ関連業務","依頼を受けてデータの抽出・加工, BIツールでダッシュボード作成, 社内のデータ管理, 分析やレポーティング、意思決定者への助言, データを利用した意思決定や判断"
174,"データサイエンティスト","依頼を受けてデータの抽出・加工, 分析やレポーティング、意思決定者への助言"
175,"データサイエンティスト","依頼を受けてデータの抽出・加工, データを利用した意思決定や判断"
176,"データエンジニア","依頼を受けてデータの抽出・加工"
177,"マネージャー/データエンジニア","依頼を受けてデータの抽出・加工, データウェアハウスやデータマートの設計, データウェアハウスやデータマートの作成, 社内のデータ管理, 分析やレポーティング、意思決定者への助言"
178,"コンサルタント","データを利用した意思決定や判断"
179,"データ整備人","依頼を受けてデータの抽出・加工, BIツールでダッシュボード作成, 社内のデータ管理, 分析やレポーティング、意思決定者への助言"
180,"データサイエンティスト","分析やレポーティング、意思決定者への助言"
181,"ソフトウェアエンジニア","データウェアハウスやデータマートの作成"
182,"コンサルタント","データウェアハウスやデータマートの設計, 社内のデータ管理"
183,"開発","依頼を受けてデータの抽出・加工, BIツールでダッシュボード作成, データウェアハウスやデータマートの設計, データウェアハウスやデータマートの作成, 社内のデータ管理, 分析やレポーティング、意思決定者への助言"
184,"社内スタッフ","社内のデータ管理"
185,"研究開発","データウェアハウスやデータマートの設計"
186,"マネージャー","依頼を受けてデータの抽出・加工, BIツールでダッシュボード作成, 分析やレポーティング、意思決定者への助言"
187,"データサイエンティスト","依頼を受けてデータの抽出・加工, データウェアハウスやデータマートの設計, 分析やレポーティング、意思決定者への助言"
188,"データオペレーター","依頼を受けてデータの抽出・加工, BIツールでダッシュボード作成, データウェアハウスやデータマートの作成, 分析やレポーティング、意思決定者への助言"
189,"エンジニア","分析やレポーティング、意思決定者への助言, データを利用した意思決定や判断"
190,"ITコンサルタント","依頼を受けてデータの抽出・加工"
191,"開発","依頼を受けてデータの抽出・加工, BIツールでダッシュボード作成, データウェアハウスやデータマートの設計, データウェアハウスやデータマートの作成, 社内のデータ管理, 分析やレポーティング、意思決定者への助言"
192,"データアーキテクト","データウェアハウスやデータマートの設計, データウェアハウスやデータマートの作成"
193,"研究開発","依頼を受けてデータの抽出・加工, 社内のデータ管理"
194,"生産技術","BIツールでダッシュボード作成, データウェアハウスやデータマートの設計, データウェアハウスやデータマートの作成, 分析やレポーティング、意思決定者への助言"
195,"データエンジニア","データウェアハウスやデータマートの設計, データウェアハウスやデータマートの作成, 社内のデータ管理"
196,"SE","依頼を受けてデータの抽出・加工, データウェアハウスやデータマートの設計, データウェアハウスやデータマートの作成"
197,"データアナリスト","依頼を受けてデータの抽出・加工, BIツールでダッシュボード作成, データウェアハウスやデータマートの設計, データウェアハウスやデータマートの作成, 社内のデータ管理, 分析やレポーティング、意思決定者への助言"
198,"データ分析基盤のインフラエンジニア","社内のデータ管理"
199,"data analyst","依頼を受けてデータの抽出・加工, BIツールでダッシュボード作成"
200,"プロデューサー","社内のデータ管理"
201,"コンサルタント","依頼を受けてデータの抽出・加工, BIツールでダッシュボード作成, データウェアハウスやデータマートの作成, 社内のデータ管理, 分析やレポーティング、意思決定者への助言"
202,"データアナリスト","依頼を受けてデータの抽出・加工, データウェアハウスやデータマートの設計, データウェアハウスやデータマートの作成, 分析やレポーティング、意思決定者への助言, データを利用した意思決定や判断"
203,"データアナリスト","依頼を受けてデータの抽出・加工, BIツールでダッシュボード作成, データウェアハウスやデータマートの設計, データウェアハウスやデータマートの作成, 分析やレポーティング、意思決定者への助言, データを利用した意思決定や判断"
204,"データエンジニア","依頼を受けてデータの抽出・加工, BIツールでダッシュボード作成, データウェアハウスやデータマートの設計, データウェアハウスやデータマートの作成, 分析やレポーティング、意思決定者への助言"
205,"技師","データを利用した意思決定や判断"
206,"データエンジニア","依頼を受けてデータの抽出・加工, データウェアハウスやデータマートの設計, データウェアハウスやデータマートの作成, 分析やレポーティング、意思決定者への助言, データを利用した意思決定や判断"
207,"リサーチャー","社内のデータ管理, 分析やレポーティング、意思決定者への助言, データを利用した意思決定や判断"
208,"理学療法士","社内のデータ管理"
209,"アナリスト・データサイエンティスト","依頼を受けてデータの抽出・加工, BIツールでダッシュボード作成, データウェアハウスやデータマートの設計, データウェアハウスやデータマートの作成, 社内のデータ管理, 分析やレポーティング、意思決定者への助言, データを利用した意思決定や判断"
210,"エンジニア","依頼を受けてデータの抽出・加工, BIツールでダッシュボード作成"
211,"データエンジニア","依頼を受けてデータの抽出・加工, BIツールでダッシュボード作成, 社内のデータ管理"
212,"データアナリスト","依頼を受けてデータの抽出・加工, BIツールでダッシュボード作成, データウェアハウスやデータマートの設計, 分析やレポーティング、意思決定者への助言"
213,"マーケター、データアナリスト","依頼を受けてデータの抽出・加工, BIツールでダッシュボード作成, データウェアハウスやデータマートの設計, データウェアハウスやデータマートの作成, 社内のデータ管理, 分析やレポーティング、意思決定者への助言, データを利用した意思決定や判断"
214,"マーケティング職","依頼を受けてデータの抽出・加工, BIツールでダッシュボード作成, データウェアハウスやデータマートの作成, 社内のデータ管理, 分析やレポーティング、意思決定者への助言, データを利用した意思決定や判断"
215,"データサイエンティスト","データを利用した意思決定や判断"
216,"データエンジニア風ないろいろやるエンジニア","依頼を受けてデータの抽出・加工, BIツールでダッシュボード作成, データウェアハウスやデータマートの設計, 社内のデータ管理"
217,"データエンジニア","依頼を受けてデータの抽出・加工, BIツールでダッシュボード作成, データウェアハウスやデータマートの設計, データウェアハウスやデータマートの作成, 社内のデータ管理, 分析やレポーティング、意思決定者への助言"
218,"データエンジニア","依頼を受けてデータの抽出・加工, BIツールでダッシュボード作成, データウェアハウスやデータマートの設計, データウェアハウスやデータマートの作成, 社内のデータ管理, 分析やレポーティング、意思決定者への助言"
219,"データアナリスト","依頼を受けてデータの抽出・加工, BIツールでダッシュボード作成, データウェアハウスやデータマートの設計, データウェアハウスやデータマートの作成, 社内のデータ管理, 分析やレポーティング、意思決定者への助言"
220,"データ関連雑用係","依頼を受けてデータの抽出・加工, BIツールでダッシュボード作成"
221,"エンジニア","社内のデータ管理"
222,"SQL職人","依頼を受けてデータの抽出・加工, 社内のデータ管理, データを利用した意思決定や判断"
223,"ハードウェアエンジニア","社内のデータ管理"
224,"技術開発","依頼を受けてデータの抽出・加工, BIツールでダッシュボード作成, 分析やレポーティング、意思決定者への助言, データを利用した意思決定や判断"
225,"SE","依頼を受けてデータの抽出・加工, BIツールでダッシュボード作成, データウェアハウスやデータマートの設計, データウェアハウスやデータマートの作成, 社内のデータ管理, 分析やレポーティング、意思決定者への助言, データを利用した意思決定や判断"
226,"企画職","社内のデータ管理, 分析やレポーティング、意思決定者への助言, データを利用した意思決定や判断"
227,"システムエンジニア","依頼を受けてデータの抽出・加工, データウェアハウスやデータマートの設計, データウェアハウスやデータマートの作成, 社内のデータ管理"
228,"データエンジニア","依頼を受けてデータの抽出・加工, BIツールでダッシュボード作成, データウェアハウスやデータマートの設計, データウェアハウスやデータマートの作成, 社内のデータ管理"
229,"営業兼WEB管理者","依頼を受けてデータの抽出・加工, 社内のデータ管理, 分析やレポーティング、意思決定者への助言"
230,"Solutions Architect","データウェアハウスやデータマートの設計, 分析やレポーティング、意思決定者への助言"
231,"データアナリスト","依頼を受けてデータの抽出・加工, 分析やレポーティング、意思決定者への助言, データを利用した意思決定や判断"
232,"データアナリスト","依頼を受けてデータの抽出・加工, BIツールでダッシュボード作成, データウェアハウスやデータマートの設計, 社内のデータ管理, 分析やレポーティング、意思決定者への助言"
233,"SE","依頼を受けてデータの抽出・加工, 社内のデータ管理"
234,"データサイエンティスト、エンジニア","データウェアハウスやデータマートの設計, データウェアハウスやデータマートの作成, 分析やレポーティング、意思決定者への助言, データを利用した意思決定や判断"
235,"SE","社内のデータ管理"
236,"データサイエンティスト","データウェアハウスやデータマートの設計, 分析やレポーティング、意思決定者への助言"
237,"開発","依頼を受けてデータの抽出・加工, BIツールでダッシュボード作成, データウェアハウスやデータマートの設計, データウェアハウスやデータマートの作成, データを利用した意思決定や判断"
238,"データエンジニア","BIツールでダッシュボード作成, データウェアハウスやデータマートの設計"
239,"ソフトウェアエンジニア","依頼を受けてデータの抽出・加工, BIツールでダッシュボード作成, データウェアハウスやデータマートの設計, データウェアハウスやデータマートの作成"
240,"データアナリスト","依頼を受けてデータの抽出・加工, BIツールでダッシュボード作成, データウェアハウスやデータマートの設計, データウェアハウスやデータマートの作成, 分析やレポーティング、意思決定者への助言"
241,"データアナリスト・データアーキテクト","依頼を受けてデータの抽出・加工, BIツールでダッシュボード作成, データウェアハウスやデータマートの作成, 社内のデータ管理, 分析やレポーティング、意思決定者への助言, データを利用した意思決定や判断"
242,"研究開発","依頼を受けてデータの抽出・加工"
243,"SE","データウェアハウスやデータマートの設計, データウェアハウスやデータマートの作成, データを利用した意思決定や判断"
244,"エンジニア","依頼を受けてデータの抽出・加工, データウェアハウスやデータマートの作成, 社内のデータ管理"
245,"データエンジニア","依頼を受けてデータの抽出・加工, データウェアハウスやデータマートの設計, データウェアハウスやデータマートの作成"
246,"エンジニア","依頼を受けてデータの抽出・加工, BIツールでダッシュボード作成, データウェアハウスやデータマートの設計, データウェアハウスやデータマートの作成"
247,"品質保証","依頼を受けてデータの抽出・加工, BIツールでダッシュボード作成, 分析やレポーティング、意思決定者への助言"
248,"データエンジニア","依頼を受けてデータの抽出・加工, BIツールでダッシュボード作成, データウェアハウスやデータマートの設計, データウェアハウスやデータマートの作成, 社内のデータ管理"
249,"エンジニア","社内のデータ管理"
250,"IoTソフトウェアエンジニア","依頼を受けてデータの抽出・加工, 分析やレポーティング、意思決定者への助言"
251,"データエンジニア","依頼を受けてデータの抽出・加工, データウェアハウスやデータマートの設計, データウェアハウスやデータマートの作成, 社内のデータ管理, 分析やレポーティング、意思決定者への助言, データを利用した意思決定や判断"
252,"SE","BIツールでダッシュボード作成, データウェアハウスやデータマートの設計"
253,"SE","依頼を受けてデータの抽出・加工"
254,"エンジニア","BIツールでダッシュボード作成, データウェアハウスやデータマートの設計, データウェアハウスやデータマートの作成"
255,"プロダクトエンジニアリング事業部","社内のデータ管理"
256,"企画職","分析やレポーティング、意思決定者への助言"
257,"研究開発職","依頼を受けてデータの抽出・加工, データを利用した意思決定や判断"
258,"情報システム部","データを利用した意思決定や判断"
259,"メーカー","社内のデータ管理"
260,"エンジニア","データを利用した意思決定や判断"
261,"データエンジニア","依頼を受けてデータの抽出・加工, BIツールでダッシュボード作成, データウェアハウスやデータマートの設計, データウェアハウスやデータマートの作成, 社内のデータ管理, 分析やレポーティング、意思決定者への助言, データを利用した意思決定や判断"
262,"BIE","依頼を受けてデータの抽出・加工, データウェアハウスやデータマートの設計, データウェアハウスやデータマートの作成, 社内のデータ管理, 分析やレポーティング、意思決定者への助言"
263,"データアナリスト","依頼を受けてデータの抽出・加工, BIツールでダッシュボード作成, データウェアハウスやデータマートの設計, 分析やレポーティング、意思決定者への助言"
264,"IT","データウェアハウスやデータマートの設計, データウェアハウスやデータマートの作成, 社内のデータ管理"
265,"CTO","社内のデータ管理, 分析やレポーティング、意思決定者への助言, データを利用した意思決定や判断"
266,"情報企画","依頼を受けてデータの抽出・加工, BIツールでダッシュボード作成, データウェアハウスやデータマートの設計, データウェアハウスやデータマートの作成, 社内のデータ管理"
267,"社内SE","依頼を受けてデータの抽出・加工, データウェアハウスやデータマートの作成, 社内のデータ管理"
268,"人事総務","BIツールでダッシュボード作成, 社内のデータ管理"
269,"-","社内のデータ管理"
270,"マネジャー","社内のデータ管理"
271,"データ分析基盤整備人／データアナリスト","依頼を受けてデータの抽出・加工, データウェアハウスやデータマートの設計, データウェアハウスやデータマートの作成, 分析やレポーティング、意思決定者への助言"
272,"マーケティング","依頼を受けてデータの抽出・加工, BIツールでダッシュボード作成, データウェアハウスやデータマートの設計, データウェアハウスやデータマートの作成, 社内のデータ管理, 分析やレポーティング、意思決定者への助言, データを利用した意思決定や判断"
273,"経営企画","依頼を受けてデータの抽出・加工, BIツールでダッシュボード作成, 分析やレポーティング、意思決定者への助言, データを利用した意思決定や判断"
274,"社内SE","依頼を受けてデータの抽出・加工, BIツールでダッシュボード作成, データウェアハウスやデータマートの設計, データウェアハウスやデータマートの作成, 社内のデータ管理, 分析やレポーティング、意思決定者への助言"
275,"インフラ","データを利用した意思決定や判断"
276,"エンジニア","データウェアハウスやデータマートの設計, データウェアハウスやデータマートの作成"
277,"データサイエンティスト","依頼を受けてデータの抽出・加工, データウェアハウスやデータマートの設計, データウェアハウスやデータマートの作成, 分析やレポーティング、意思決定者への助言"
278,"データエンジニア&BIエンジニア","依頼を受けてデータの抽出・加工, BIツールでダッシュボード作成, データウェアハウスやデータマートの設計, データウェアハウスやデータマートの作成, 社内のデータ管理, 分析やレポーティング、意思決定者への助言"
279,"エンジニア","依頼を受けてデータの抽出・加工, BIツールでダッシュボード作成, データウェアハウスやデータマートの設計, データウェアハウスやデータマートの作成, 分析やレポーティング、意思決定者への助言"
280,"データサイエンティスト","分析やレポーティング、意思決定者への助言, データを利用した意思決定や判断"
281,"エンジニア","依頼を受けてデータの抽出・加工, BIツールでダッシュボード作成, データウェアハウスやデータマートの設計, データウェアハウスやデータマートの作成, 社内のデータ管理"
282,"Webディレクター","依頼を受けてデータの抽出・加工"
283,"データエンジニア","依頼を受けてデータの抽出・加工, BIツールでダッシュボード作成, データウェアハウスやデータマートの設計, データウェアハウスやデータマートの作成, 分析やレポーティング、意思決定者への助言"
284,"分析・集計全般","依頼を受けてデータの抽出・加工"
285,"データアナリスト","分析やレポーティング、意思決定者への助言"
286,"データサイエンティスト","依頼を受けてデータの抽出・加工, データウェアハウスやデータマートの設計, データウェアハウスやデータマートの作成, 社内のデータ管理"
287,"ソリューションアーキテクト","依頼を受けてデータの抽出・加工, データウェアハウスやデータマートの設計, 分析やレポーティング、意思決定者への助言"
288,"マーケ","分析やレポーティング、意思決定者への助言"
289,"情シス","データウェアハウスやデータマートの設計"
290,"エンジニア","依頼を受けてデータの抽出・加工, BIツールでダッシュボード作成, データウェアハウスやデータマートの設計, データウェアハウスやデータマートの作成, 分析やレポーティング、意思決定者への助言"
291,"データエンジニア","依頼を受けてデータの抽出・加工, 社内のデータ管理"
292,"データまわりのエンジニア","依頼を受けてデータの抽出・加工, BIツールでダッシュボード作成, 分析やレポーティング、意思決定者への助言"
293,"サービス業","データを利用した意思決定や判断"
294,"社内SE","依頼を受けてデータの抽出・加工, データウェアハウスやデータマートの設計, データウェアハウスやデータマートの作成, 社内のデータ管理"
295,"研究員","依頼を受けてデータの抽出・加工, BIツールでダッシュボード作成, データウェアハウスやデータマートの作成, 分析やレポーティング、意思決定者への助言, データを利用した意思決定や判断"
296,"ディベロップセクション　コアテックチーム","依頼を受けてデータの抽出・加工, データウェアハウスやデータマートの設計, データウェアハウスやデータマートの作成"
297,"データアナリスト","依頼を受けてデータの抽出・加工, BIツールでダッシュボード作成, データウェアハウスやデータマートの設計, データウェアハウスやデータマートの作成, 社内のデータ管理, 分析やレポーティング、意思決定者への助言, データを利用した意思決定や判断"
298,"データアナリスト","依頼を受けてデータの抽出・加工, BIツールでダッシュボード作成, データウェアハウスやデータマートの設計, データウェアハウスやデータマートの作成, 社内のデータ管理, 分析やレポーティング、意思決定者への助言"
299,"データエンジニア","データウェアハウスやデータマートの設計, データウェアハウスやデータマートの作成"
300,"ソフトウェア開発","分析やレポーティング、意思決定者への助言, データを利用した意思決定や判断"
301,"エンジニア","依頼を受けてデータの抽出・加工, BIツールでダッシュボード作成, データウェアハウスやデータマートの設計, データウェアハウスやデータマートの作成"
302,"営業","依頼を受けてデータの抽出・加工, BIツールでダッシュボード作成"
303,"データアナリスト","依頼を受けてデータの抽出・加工, BIツールでダッシュボード作成, データウェアハウスやデータマートの設計, データウェアハウスやデータマートの作成, 社内のデータ管理, 分析やレポーティング、意思決定者への助言, データを利用した意思決定や判断"
304,"データアーキテクト","BIツールでダッシュボード作成, データウェアハウスやデータマートの設計, データウェアハウスやデータマートの作成"
305,"知財","BIツールでダッシュボード作成, 分析やレポーティング、意思決定者への助言, データを利用した意思決定や判断"
306,"システムエンジニア","BIツールでダッシュボード作成, データウェアハウスやデータマートの設計, データウェアハウスやデータマートの作成"
307,"データエンジニア","依頼を受けてデータの抽出・加工, BIツールでダッシュボード作成, データウェアハウスやデータマートの設計, データウェアハウスやデータマートの作成, 社内のデータ管理, 分析やレポーティング、意思決定者への助言"
308,"エンジニア","データウェアハウスやデータマートの作成"
